"Специализация	Название	Код продукта"
"NDR (KATA)	Kaspersky Anti Targeted Attack Platform Advanced Special	4022"
"NDR (KATA)	Kaspersky Symphony Special	4150"
"NDR (KATA)	Kaspersky Anti Targeted Attack Platform Standard Nuclear Industry	4677"
"NDR (KATA)	Kaspersky Anti Targeted Attack NDR (KATA) Plus Special Plus	4678"
"NDR (KATA)	Kaspersky Anti Targeted Attack XDR	4682"
"NDR (KATA)	Кaspersky Anti Targeted Attack API Extension	4688"
"NDR (KATA)	Kaspersky Security для почтовых серверов Special 	4690"
"NDR (KATA)	Kaspersky Anti Targeted Attack Platform Standard	4691"
"NDR (KATA)	Kaspersky Anti Targeted Attack Platform Advanced	4692"
"NDR (KATA)	Kaspersky Anti Targeted Attack Platform Enterprise	4693"
"NDR (KATA)	Kaspersky Anti Targeted Attack Platform Light	4694"
"NDR (KATA)	Kaspersky Anti Targeted Attack Platform Additional Sensor	4695"
"NDR (KATA)	Kaspersky Anti Targeted Attack Platform	4696"
"NDR (KATA)	Kaspersky Anti Targeted Attack Platform Extension Module	4697"
"NDR (KATA)	Kaspersky Anti Targeted Attack Platform Advanced Ultimate	4699"
"NDR (KATA)	Kaspersky Anti Targeted Attack Platform Enterprise EDR Edition	4705"
"NDR (KATA)	Kaspersky Anti Targeted Attack Platform Advanced EDR Edition	4706"
"NDR (KATA)	Kaspersky Anti Targeted Attack Platform Advanced Nuclear Industry	4721"
"NDR (KATA)	Kaspersky Anti Targeted Attack Platform NTA Edition Add-on	4722"
"NDR (KATA)	Kaspersky Anti Targeted Attack Advanced Mail Security Special. 5000-MailAddress	4725"
"NDR (KATA)	Kaspersky Anti Targeted Attack NDR (KATA) Plus Special	4726"
"NDR (KATA)	Kaspersky Anti Targeted Attack Platform NDR (KATA) Only	4738"
"NDR (KATA)	Kaspersky Anti Targeted Attack Platform NDR (KATA) Add-on	4739"
"NDR (KATA)	Kaspersky Anti Targeted Attack Basic	4776"
"NDR (KATA)	Kaspersky Anti Targeted Attack NDR (KATA) Plus	4777"
"NDR (KATA)	Kaspersky Anti Targeted Attack Ultimate	4778"
"NDR (KATA)	Kaspersky Anti Targeted Attack Mail Security Suite	4780"
"NDR (KATA)	Kaspersky Network Detection and Response Ultimate	4781"
"NDR (KATA)	Kaspersky Total Premium Security	4807"
"NDR (KATA)	Kaspersky Appliance for Software and Hardware 	8506"
"EDR/XDR (KEDR/Symphony)	Kaspersky Smart II	4068"
"EDR/XDR (KEDR/Symphony)	Kaspersky TOTAL Anti Target Advanced	4079"
"EDR/XDR (KEDR/Symphony)	Kaspersky Symphony XDR with NDR (KATA), including MDR and KTL	4376"
"EDR/XDR (KEDR/Symphony)	Kaspersky Total Security Expert для бизнеса	4488"
"EDR/XDR (KEDR/Symphony)	Kaspersky Symphony EDR	4501"
"EDR/XDR (KEDR/Symphony)	Kaspersky Symphony MDR	4502"
"EDR/XDR (KEDR/Symphony)	Kaspersky Symphony XDR	4503"
"EDR/XDR (KEDR/Symphony)	Kaspersky Symphony XDR Core	4504"
"EDR/XDR (KEDR/Symphony)	Kaspersky Symphony EDR Expert	4508"
"EDR/XDR (KEDR/Symphony)	Kaspersky Security Bundle до 3600 устройств: Endpoint для бизнеса, почтовых серверов, MDR 	4510"
"EDR/XDR (KEDR/Symphony)	Kaspersky Symphony XDR with NDR (KATA)	4513"
"EDR/XDR (KEDR/Symphony)	Kaspersky Endpoint Detection and Response Expert GosSOPKA Add-on	4610"
"EDR/XDR (KEDR/Symphony)	Kaspersky Endpoint Detection and Response Expert AI Add-on	4611"
"EDR/XDR (KEDR/Symphony)	Kaspersky Endpoint Detection and Response Expert with AI	4612"
"EDR/XDR (KEDR/Symphony)	Kaspersky Endpoint Detection and Response Expert Plus with AI	4613"
"EDR/XDR (KEDR/Symphony)	Kaspersky Endpoint Detection and Response Expert Plus with GosSOPKA	4614"
"EDR/XDR (KEDR/Symphony)	Kaspersky Endpoint Detection and Response Expert with GosSOPKA	4615"
"EDR/XDR (KEDR/Symphony)	Kaspersky Endpoint Detection and Response Expert Plus with AI & GosSOPKA	4616"
"EDR/XDR (KEDR/Symphony)	Kaspersky Endpoint Detection and Response Expert with AI & GosSOPKA	4617"
"EDR/XDR (KEDR/Symphony)	Kaspersky Endpoint Detection and Response Standard Edition	4702"
"EDR/XDR (KEDR/Symphony)	Kaspersky Endpoint Detection and Response Advanced Edition	4703"
"EDR/XDR (KEDR/Symphony)	Kaspersky Anti Targeted Attack Platform EDR Agent	4704"
"EDR/XDR (KEDR/Symphony)	Kaspersky Endpoint Detection and Response Expert Plus 	4711"
"EDR/XDR (KEDR/Symphony)	Kaspersky Endpoint Detection and Response Expert 	4712"
"EDR/XDR (KEDR/Symphony)	Kaspersky Endpoint Detection and Response Expert Telemetry Retention 60 days	4714"
"EDR/XDR (KEDR/Symphony)	Kaspersky Endpoint Detection and Response Expert Telemetry Retention 90 days	4715"
"EDR/XDR (KEDR/Symphony)	Kaspersky Endpoint Detection and Response Expert Special 	4716"
"EDR/XDR (KEDR/Symphony)	Kaspersky Anti Targeted Attack Platform EDR Agent Special	4717"
"EDR/XDR (KEDR/Symphony)	Kaspersky Endpoint Detection and Response Expert Nuclear Industry	4718"
"EDR/XDR (KEDR/Symphony)	Kaspersky Symphony XDR Nuclear Industry	4720"
"EDR/XDR (KEDR/Symphony)	Kaspersky Anti Targeted Attack Platform EDR Agent Plus	4724"
"EDR/XDR (KEDR/Symphony)	Kaspersky Endpoint Detection & Response NDR (KATA) Edition	4779"
"EDR/XDR (KEDR/Symphony)	Kaspersky Total Security Plus Стандарт для бизнеса 	4789"
"EDR/XDR (KEDR/Symphony)	Kaspersky Endpoint Detection and Response Expert for LPC	4791"
"EDR/XDR (KEDR/Symphony)	Kaspersky Anti Targeted Attack Platform EDR Agent Ultimate	4795"
"EDR/XDR (KEDR/Symphony)	Kaspersky MDR	4829"
"EDR/XDR (KEDR/Symphony)	Kaspersky Total Security для бизнеса EDR Ready 	4889"
"SIEM (KUMA)	Kaspersky Unified Monitoring and Analysis Platform for SOC with AI	1072"
"SIEM (KUMA)	Kaspersky Unified Monitoring and Analysis Platform with Netflow support for Government""	4030"
"SIEM (KUMA) (KUMA)	Kaspersky Unified Monitoring and Analysis Platform	4032"
"SIEM (KUMA)	Kaspersky Unified Monitoring and Analysis Platform with High Availability	4033"
"SIEM (KUMA)	Kaspersky Unified Monitoring and Analysis Platform with Netflow support	4034"
"SIEM (KUMA)	Kaspersky Unified Monitoring and Analysis Platform with Netflow support and High Availability	4035"
"SIEM (KUMA)	Kaspersky Unified Monitoring and Analysis Platform, GosSOPKA compatible	4036"
"SIEM (KUMA)	Kaspersky Unified Monitoring and Analysis Platform GosSOPKA compatible with High Availability	4037"
"SIEM (KUMA)	Kaspersky Unified Monitoring and Analysis Platform GosSOPKA compatible with Netflow support	4038"
"SIEM (KUMA)	Kaspersky Unified Monitoring and Analysis Platform GosSOPKA compatible with Netflow and HA support	4039"
"SIEM (KUMA)	Kaspersky UMAP with Netflow support and High Availability for Nuclear Power Plant	4044"
"SIEM (KUMA)	Kaspersky Unified Monitoring and Analysis Platform Advanced with Netflow and High Availability	4046"
"SIEM (KUMA)	Kaspersky Unified Monitoring and Analysis Platform with Netflow support and TI	4047"
"SIEM (KUMA)	Kaspersky Unified Monitoring and Analysis Platform with TI	4048"
"SIEM (KUMA)	Kaspersky Unified Monitoring and Analysis Platform GosSOPKA compatible with TI	4049"
"SIEM (KUMA)	Kaspersky Unified Monitoring and Analysis Platform GosSOPKA compatible with Netflow support and TI	4051"
"SIEM (KUMA)	Kaspersky Unified Monitoring and Analysis Platform for SOC	4052"
"SIEM (KUMA)	KUMA XDR Add-on	4053"
"SIEM (KUMA)	Kaspersky Unified Monitoring and Analysis Platform GosSOPKA compatible with Netflow and XDR	4055"
"SIEM (KUMA)	Kaspersky Unified Monitoring and Analysis Platform Storage with Netflow support	4062"
"SIEM (KUMA)	Kaspersky Unified Monitoring and Analysis Platform with Netflow support for SOC	4064"
"SIEM (KUMA)	Kaspersky Smart I	4067"
"SIEM (KUMA)	Kaspersky Unified Monitoring and Analysis Platform for SOC with AI	4075"
"SIEM (KUMA)	Kaspersky Unified Monitoring and Analysis Platform for SOC with TI and AI	4080"
"SIEM (KUMA)	Kaspersky Unified Monitoring and Analysis Platform for LPC	4082"
"SIEM (KUMA)	Kaspersky Unified Monitoring and Analysis Platform with AI	4090"
"SIEM (KUMA)	Kaspersky Unified Monitoring and Analysis Platform with Netflow support and AI	4091"
"SIEM (KUMA)	Kaspersky Unified Monitoring and Analysis Platform, GosSOPKA compatible and AI	4092"
"SIEM (KUMA)	Kaspersky Unified Monitoring and Analysis Platform GosSOPKA compatible with Netflow support and AI	4093"
"SIEM (KUMA)	Kaspersky Unified Monitoring and Analysis Platform with Netflow support, TI and AI	4094"
"SIEM (KUMA)	Kaspersky Unified Monitoring and Analysis Platform with TI and AI	4095"
"SIEM (KUMA)	Kaspersky Unified Monitoring and Analysis Platform GosSOPKA compatible with TI and AI	4096"
"SIEM (KUMA)	Kaspersky Unified Monitoring and Analysis Platform GosSOPKA compatible with Netflow, TI and AI	4097"
"SIEM (KUMA)	Kaspersky AI add-on 	4099"
"SIEM (KUMA)	Kaspersky Unified Monitoring and Analysis Platform including GosSOPKA, Netflow and XDR	4154"
"SIEM (KUMA)	Kaspersky Unified Monitoring and Analysis Platform NRP	4272"
"SIEM (KUMA)	Kaspersky Unified Monitoring and Analysis Platform NRP with Netflow support	4273"
"SIEM (KUMA)	Kaspersky Unified Monitoring and Analysis Platform NRP with Netflow support and TI	4274"
"SIEM (KUMA)	Kaspersky Unified Monitoring and Analysis Platform NRP with TI	4275"
"SIEM (KUMA)	Kaspersky Unified Monitoring and Analysis Platform NRP with Netflow support, TI and AI	4276"
"SIEM (KUMA)	Kaspersky Unified Monitoring and Analysis Platform NRP with TI and AI	4277"
"SIEM (KUMA)	Kaspersky Symphony XDR Core Ultimate Edition	4441"
"SIEM (KUMA)	Kaspersky Unified Monitoring and Analysis Platform Nuclear Industry	4719"
"SIEM (KUMA)	Kaspersky Unified Monitoring and Analysis Platform	4858"
"ICS (KICS)	Kaspersky Industrial CyberSecurity for Networks Special Server for Nuclear Power Plant	4040"
"ICS (KICS)	Kaspersky Industrial CyberSecurity for Networks Special Server, Updates and Support, Enterprise NPP	4041"
"ICS (KICS)	Kaspersky Industrial CyberSecurity for Nodes, Server, Enterprise for Nuclear Power Plant	4042"
"ICS (KICS)	Kaspersky Industrial CyberSecurity for Nodes, Workstation, Enterprise for Nuclear Power Plant	4043"
"ICS (KICS)	Kaspersky Industrial CyberSecurity for Networks Special Server for Coal Industry	4059"
"ICS (KICS)	Kaspersky Industrial CyberSecurity for Networks Special Server for Coal Industry, Upd, Enterprise	4060"
"ICS (KICS)	Kaspersky Industrial CyberSecurity for LPC, Enterprise	4078"
"ICS (KICS)	Kaspersky Industrial CyberSecurity for Networks Special Sensor for Nuclear Power Plant	4083"
"ICS (KICS)	Kaspersky Industrial CyberSecurity for Networks Special Sensor, Updates and Support, Enterprise NPP	4084"
"ICS (KICS)	Kaspersky Industrial CyberSecurity XDR OT Bundle 1	4087"
"ICS (KICS)	Kaspersky Industrial CyberSecurity XDR 1	4102"
"ICS (KICS)	Kaspersky Industrial CyberSecurity XDR 3	4103"
"ICS (KICS)	Kaspersky Industrial CyberSecurity XDR 2	4105"
"ICS (KICS)	Kaspersky Industrial CyberSecurity XDR 4	4106"
"ICS (KICS)	Kaspersky Machine Learning for Anomaly Detection Процессор событий Enterprise Premium Edition, Site	4679"
"ICS (KICS)	Kaspersky Machine Learning for Anomaly Detection with Event Processor and ML Model Builder	4683"
"ICS (KICS)	Kaspersky Machine Learning for Anomaly Detection with Event Processor and Model Builder	4685"
"ICS (KICS)	KICS (KICS) Integration Agent & KEDR, Enterprise	4700"
"ICS (KICS)	Kaspersky Industrial CyberSecurity for Networks Standard Server, Updates, Security Audit	4732"
"ICS (KICS)	Kaspersky Industrial CyberSecurity for Nodes Portable Scanner	4733"
"ICS (KICS)	Kaspersky Industrial CyberSecurity EDR, Integration Agent	4734"
"ICS (KICS)	Kaspersky Industrial CyberSecurity Integration Agent	4735"
"ICS (KICS)	Kaspersky Industrial CyberSecurity for Nodes, Server, EDR	4736"
"ICS (KICS)	Kaspersky Industrial CyberSecurity for Nodes, Workstation, EDR	4737"
"ICS (KICS)	Kaspersky Industrial CyberSecurity XDR Add-on for Server, Enterprise	4747"
"ICS (KICS)	Kaspersky Industrial CyberSecurity XDR, Enterprise	4748"
"ICS (KICS)	Kaspersky Industrial CyberSecurity for Nodes, Workstation, Enterprise YO	4750"
"ICS (KICS)	Kaspersky Industrial CyberSecurity for Nodes, Server, Enterprise YO	4751"
"ICS (KICS)	Kaspersky Industrial CyberSecurity for Nodes, Workstation, Enterprise ME	4768"
"ICS (KICS)	Kaspersky Industrial CyberSecurity for Nodes, Server, Enterprise ME	4769"
"ICS (KICS)	Kaspersky Industrial CyberSecurity for Nodes, Server, Enterprise for NGP 	4782"
"ICS (KICS)	Kaspersky Industrial CyberSecurity for Nodes, Workstation, Enterprise for NGP 	4783"
"ICS (KICS)	Kaspersky Industrial CyberSecurity for Networks Remote Collector	4808"
"ICS (KICS)	Система раннего обнаружения аномалий Kaspersky Machine Learning for Anomaly Detection, Site 	4813"
"ICS (KICS)	Система раннего обнаружения аномалий Kaspersky Machine Learning for Anomaly Detection, подсистема создания ML-моделей 	4814"
"ICS (KICS)	Система раннего обнаружения аномалий Kaspersky Machine Learning for Anomaly Detection, ПО для пилотных проектов 	4815"
"ICS (KICS)	Система раннего обнаружения аномалий Kaspersky Machine Learning for Anomaly Detection c подсистемой создания ML-моделей, Site 	4820"
"ICS (KICS)	Система раннего обнаружения аномалий Kaspersky Machine Learning for Anomaly Detection c подсистемой создания ML-моделей, ПО для пилотных проектов 	4821"
"ICS (KICS)	Система раннего обнаружения аномалий Kaspersky Machine Learning for Anomaly Detection c подсистемой создания ML-моделей, Tags 	4822"
"ICS (KICS)	Система раннего обнаружения аномалий Kaspersky Machine Learning for Anomaly Detection Enterprise Premium Edition, Site 	4825"
"ICS (KICS)	Система раннего обнаружения аномалий Kaspersky Machine Learning for Anomaly Detection Enterprise Premium Edition, Tags 	4826"
"ICS (KICS)	Kaspersky Industrial CyberSecurity	4895"
"ICS (KICS)	Kaspersky Industrial CyberSecurity for Nodes	4896"
"ICS (KICS)	Kaspersky Industrial CyberSecurity Light	4898"
"ICS (KICS)	Kaspersky Industrial CyberSecurity Integration Agent, Enterprise	4930"
"ICS (KICS)	Kaspersky Industrial CyberSecurity for Nodes, Workstation	4931"
"ICS (KICS)	Kaspersky Industrial CyberSecurity for Nodes, Workstation, Limited Updates	4932"
"ICS (KICS)	Kaspersky Industrial CyberSecurity for Nodes, Server	4933"
"ICS (KICS)	Kaspersky Industrial CyberSecurity for Nodes, Server, Limited Updates	4934"
"ICS (KICS)	Kaspersky Industrial CyberSecurity for Networks Standard Server	4935"
"ICS (KICS)	Kaspersky Industrial CyberSecurity for Networks Standard Server, Limited Updates	4936"
"ICS (KICS)	Kaspersky Industrial CyberSecurity for Networks Additional Sensor	4937"
"ICS (KICS)	Kaspersky Industrial CyberSecurity for Networks Additional Sensor, Limited Updates	4938"
"ICS (KICS)	Kaspersky Industrial CyberSecurity for Networks Standard Server, Updates and Support, Enterprise	4939"
"ICS (KICS)	Kaspersky Industrial CyberSecurity for Networks Additional Sensor, Updates and Support, Enterprise	4940"
"ICS (KICS)	Kaspersky Industrial CyberSecurity for Nodes, Workstation, Enterprise	4941"
"ICS (KICS)	Kaspersky Industrial CyberSecurity for Nodes, Upgrade	4942"
"ICS (KICS)	Kaspersky Industrial CyberSecurity for Nodes, Server, Enterprise	4943"
"ICS (KICS)	Kaspersky Industrial CyberSecurity for Networks Standard Server, Enterprise	4945"
"ICS (KICS)	Kaspersky Industrial CyberSecurity for Networks Standard Server, Limited Updates, Enterprise	4946"
"ICS (KICS)	Kaspersky Industrial CyberSecurity for Networks Additional Sensor, Enterprise	4947"
"ICS (KICS)	Kaspersky Industrial CyberSecurity for Networks Additional Sensor, Limited Updates, Enterprise	4948"
"ICS (KICS)	Kaspersky Industrial CyberSecurity EDR, Integration Agent, Enterprise	4949"
"ICS (KICS)	Kaspersky Industrial CyberSecurity for Nodes, Workstation, EDR, Enterprise	4950"
"ICS (KICS)	Kaspersky Industrial CyberSecurity for Nodes, Server, EDR, Enterprise	4951"
"ICS (KICS)	Kaspersky Industrial CyberSecurity for Networks Special Bundle for Railroads, Addon Sensor	4952"
"ICS (KICS)	Kaspersky Industrial CyberSecurity for Networks Special Bundle for Railroads, Addon Sensor Lim.Upd	4953"
"ICS (KICS)	Kaspersky Industrial CyberSecurity for Networks Special Bundle for Railroads, Standard Server	4954"
"ICS (KICS)	Kaspersky Industrial CyberSecurity for Networks Special Bundle for Railroads,Standard Server Lim.Upd	4955"
"ICS (KICS)	Kaspersky Industrial CyberSecurity for Nodes, Server, Basic	4956"
"ICS (KICS)	Kaspersky Industrial CyberSecurity for Nodes, Workstation, Basic	4957"
"ICS (KICS)	Kaspersky Industrial CyberSecurity for Nodes Portable Scanner, Enterprise	4958"
"ICS (KICS)	Kaspersky Industrial CyberSecurity for Networks Standard Server, Upd&Sup, Active Polling, Enterprise	4959"
"ICS (KICS)	Kaspersky Industrial CyberSecurity for Networks Standard Server, Upd&Sup, Security Audit, Enterprise	4960"
"ICS (KICS)	Система раннего обнаружения аномалий Kaspersky Machine Learning for Anomaly Detection, Tags 	4993"
"ICS (KICS)	Kaspersky Machine Learning for Anomaly Detection with Event Processor	5000"
"ICS (KICS)	Kaspersky ICS (KICS) Express Audit	7615"
"KasperskyOS	Kaspersky USB redirect	4081"
"KasperskyOS	Kaspersky Thin Client 2 Premium Special Edition	4266"
"KasperskyOS	Kaspersky Security Management Suite Premium Special Edition	4281"
"KasperskyOS	Kaspersky Thin Client 2 	4966"
"KasperskyOS	Kaspersky Thin Client 	4980"
"KasperskyOS	Kaspersky Security Management Suite 	4981"
"CWP (Контейнеры/Вирт. и обл. среды	Kaspersky Secure Mobility Management	4050"
"CWP (Контейнеры/Вирт. и обл. среды	Kaspersky Container Security Lite Special	4073"
"CWP (Контейнеры/Вирт. и обл. среды	Kaspersky Security для виртуальных и облачных сред – Enterprise Edition, Desktop 	4153"
"CWP (Контейнеры/Вирт. и обл. среды	Kaspersky Security для виртуальных и облачных сред, Desktop 	4155"
"CWP (Контейнеры/Вирт. и обл. среды	Kaspersky Security для виртуальных и облачных сред, Desktop Special	4156"
"CWP (Контейнеры/Вирт. и обл. среды	Kaspersky Container Security Standard	4249"
"CWP (Контейнеры/Вирт. и обл. среды	Kaspersky Container Security Advanced	4250"
"CWP (Контейнеры/Вирт. и обл. среды	Kaspersky Security для виртуальных и облачных сред – Enterprise Edition, Server 	4253"
"CWP (Контейнеры/Вирт. и обл. среды	Kaspersky Security для виртуальных и облачных сред, Server 	4255"
"CWP (Контейнеры/Вирт. и обл. среды	Kaspersky Container Security Advanced AS 	4263"
"CWP (Контейнеры/Вирт. и обл. среды	Kaspersky Container Security Advanced Pro 	4265"
"CWP (Контейнеры/Вирт. и обл. среды	Kaspersky Security для виртуальных и облачных сред – Enterprise Edition, CPU 	4553"
"CWP (Контейнеры/Вирт. и обл. среды	Kaspersky Security для виртуальных и облачных сред, Core 	4555"
"TI (Data Feeds/CyberTrace/TI)	Kaspersky Threat Attribution Engine	4988"
"TI (Data Feeds/CyberTrace/TI)	Платформа атрибуции угроз, локальная установка	4992"
"TI (Data Feeds/CyberTrace/TI)	Kaspersky Digital Footprint Intelligence	7243"
"TI (Data Feeds/CyberTrace/TI)	Kaspersky ICS (KICS) Customer-Specific Reporting	7244"
"TI (Data Feeds/CyberTrace/TI)	Kaspersky ICS (KICS) TI (Data Feeds/CyberTrace/TI) Reporting	7245"
"TI (Data Feeds/CyberTrace/TI)	Kaspersky ICS (KICS) TI (Data Feeds/CyberTrace/TI) Reporting with MRTI	7246"
"TI (Data Feeds/CyberTrace/TI)	Кастомизированные Аналитические Отчеты по стране заказчика	7273"
"TI (Data Feeds/CyberTrace/TI)	Аналитические отчеты об APT-Угрозах. Основные результаты расследований + 3 полных отчета 	7280"
"TI (Data Feeds/CyberTrace/TI)	Аналитические отчеты об APT-Угрозах. Основные результаты расследований 	7283"
"TI (Data Feeds/CyberTrace/TI)	Аналитические отчеты об APT-Угрозах. Основные результаты расследований и IOCs 	7284"
"TI (Data Feeds/CyberTrace/TI)	Кастомизированные Аналитические Отчеты 	7285"
"TI (Data Feeds/CyberTrace/TI)	Подготовка аналитических отчетов об угрозах информационной безопасности 	7286"
"TI (Data Feeds/CyberTrace/TI)	Аналитические отчеты об APT-Угрозах 	7289"
"TI (Data Feeds/CyberTrace/TI)	Kaspersky APT C&C Tracking	7303"
"TI (Data Feeds/CyberTrace/TI)	Аналитические отчеты об APT-Угрозах Special 	7305"
"TI (Data Feeds/CyberTrace/TI)	Kaspersky Threat Lookup & Analysis Bundle - Basic 	7312"
"TI (Data Feeds/CyberTrace/TI)	Kaspersky Threat Lookup & Analysis Bundle - Essential 	7313"
"TI (Data Feeds/CyberTrace/TI)	Kaspersky Threat Lookup & Analysis Bundle - Advanced 	7314"
"TI (Data Feeds/CyberTrace/TI)	Аналитические отчёты о crimeware угрозах 	7320"
"TI (Data Feeds/CyberTrace/TI)	Аналитические отчеты о финансовых угрозах 	7321"
"TI (Data Feeds/CyberTrace/TI)	Аналитические отчеты о финансовых угрозах. Основные результаты расследований и IOCs 	7322"
"TI (Data Feeds/CyberTrace/TI)	Аналитические отчёты о crimeware угрозах - Основные результаты расследований и IOCs 	7324"
"TI (Data Feeds/CyberTrace/TI)	Аналитические отчеты об APT и Crimeware Угрозах 	7326"
"TI (Data Feeds/CyberTrace/TI)	Kaspersky TI (Data Feeds/CyberTrace/TI) Bundle - Basic	7327"
"TI (Data Feeds/CyberTrace/TI)	Kaspersky TI (Data Feeds/CyberTrace/TI) Bundle - Advanced	7328"
"TI (Data Feeds/CyberTrace/TI)	Kaspersky TI (Data Feeds/CyberTrace/TI) Bundle - Maximum	7329"
"TI (Data Feeds/CyberTrace/TI)	Разведка цифрового следа 	7330"
"TI (Data Feeds/CyberTrace/TI)	Kaspersky TI (Data Feeds/CyberTrace/TI) Bundle - Essential	7331"
"TI (Data Feeds/CyberTrace/TI)	Kaspersky TI (Data Feeds/CyberTrace/TI) Bundle - Expert	7332"
"TI (Data Feeds/CyberTrace/TI)	Kaspersky Threat Data Feeds Bundle - URL	7333"
"TI (Data Feeds/CyberTrace/TI)	Kaspersky Threat Data Feeds Bundle - URL & IP	7334"
"TI (Data Feeds/CyberTrace/TI)	Kaspersky Threat Data Feeds Bundle - URL & IP & Hashes	7335"
"TI (Data Feeds/CyberTrace/TI)	Kaspersky Threat Data Feeds Bundle - Expert	7336"
"TI (Data Feeds/CyberTrace/TI)	Kaspersky Threat Data Feeds Bundle - Total	7337"
"TI (Data Feeds/CyberTrace/TI)	Kaspersky Digital Footprint Monitoring	7346"
"TI (Data Feeds/CyberTrace/TI)	Kaspersky Threat Infrastructure Tracking	7890"
"TI (Data Feeds/CyberTrace/TI)	Kaspersky Cloud Threat Attribution Engine	7891"
"TI (Data Feeds/CyberTrace/TI)	Kaspersky Threat Analysis	7892"
"TI (Data Feeds/CyberTrace/TI)	Kaspersky ICS (KICS) TI (Data Feeds/CyberTrace/TI) Reporting - Executive Summary and IOCs	7893"
"TI (Data Feeds/CyberTrace/TI)	Kaspersky TI (Data Feeds/CyberTrace/TI) Core	7894"
"TI (Data Feeds/CyberTrace/TI)	Kaspersky TI (Data Feeds/CyberTrace/TI) Universal	7895"
"TI (Data Feeds/CyberTrace/TI)	Kaspersky TI (Data Feeds/CyberTrace/TI) Complete	7896"
"TI (Data Feeds/CyberTrace/TI)	Kaspersky APT & Crimeware & Industrial Intelligence Reporting	7897"
"TI (Data Feeds/CyberTrace/TI)	Потоки данных об угрозах - Crimeware IOC 	7907"
"TI (Data Feeds/CyberTrace/TI)	Kaspersky Digital Footprint Monitoring MSSP	7909"
"TI (Data Feeds/CyberTrace/TI)	Потоки данных об угрозах - ICS (KICS) Vulnerabilities 	7910"
"TI (Data Feeds/CyberTrace/TI)	Потоки данных об угрозах - Whitelisting 	7911"
"TI (Data Feeds/CyberTrace/TI)	Потоки данных об угрозах - IP reputation & URL & Hash & Mobile Threat & Whitelisting 	7912"
"TI (Data Feeds/CyberTrace/TI)	Потоки данных об угрозах - Ransomware URL 	7913"
"TI (Data Feeds/CyberTrace/TI)	Потоки данных об угрозах - APT IOC 	7914"
"TI (Data Feeds/CyberTrace/TI)	Потоки данных об угрозах - All In One 	7915"
"TI (Data Feeds/CyberTrace/TI)	Потоки данных об угрозах - Passive DNS 	7916"
"TI (Data Feeds/CyberTrace/TI)	Потоки данных об угрозах - Malicious Hashes 	7917"
"TI (Data Feeds/CyberTrace/TI)	Потоки данных об угрозах - IoT URL 	7918"
"TI (Data Feeds/CyberTrace/TI)	Потоки данных об угрозах - Vulnerability Feed 	7919"
"TI (Data Feeds/CyberTrace/TI)	Потоки данных об угрозах – ICS (KICS) Malware Hashes	7923"
"TI (Data Feeds/CyberTrace/TI)	Kaspersky Threat Data Feeds - Suricata Rules	7924"
"TI (Data Feeds/CyberTrace/TI)	Kaspersky Услуги по предоставлению сведений о фишинговых сайтах и утечках персональных данных в российском сегменте ""Интернет"" 	7932"
"TI (Data Feeds/CyberTrace/TI)	Потоки данных об угрозах - Open Source Threats 	7933"
"TI (Data Feeds/CyberTrace/TI)	Kaspersky Takedown Service	7937"
"TI (Data Feeds/CyberTrace/TI)	Потоки данных об угрозах - IP reputation & URL & Whitelisting & APT IOC & & Ransomware URL 	7949"
"TI (Data Feeds/CyberTrace/TI)	Kaspersky Critical Infrastructure TI (Data Feeds/CyberTrace/TI) Reporting	7951"
"TI (Data Feeds/CyberTrace/TI)	Мониторинг Фишинговых Атак 	7952"
"TI (Data Feeds/CyberTrace/TI)	Kaspersky Cloud Sandbox	7953"
"TI (Data Feeds/CyberTrace/TI)	Kaspersky Research Sandbox	7954"
"TI (Data Feeds/CyberTrace/TI)	Потоки данных об угрозах – Malicious URL 	7961"
"TI (Data Feeds/CyberTrace/TI)	Потоки данных об угрозах – URL 	7962"
"TI (Data Feeds/CyberTrace/TI)	Потоки данных об угрозах – URL & Hash 	7963"
"TI (Data Feeds/CyberTrace/TI)	Потоки данных об угрозах – Mobile Threat 	7964"
"TI (Data Feeds/CyberTrace/TI)	Kaspersky Threat Lookup	7966"
"TI (Data Feeds/CyberTrace/TI)	Потоки данных об угрозах – IP reputation 	7967"
"TI (Data Feeds/CyberTrace/TI)	Потоки данных об угрозах – Phishing URL 	7968"
"TI (Data Feeds/CyberTrace/TI)	Потоки данных об угрозах – Botnet C&C URL 	7969"
"TI (Data Feeds/CyberTrace/TI)	Потоки данных об угрозах – URL & Hash & Mobile Threat & IP Reputation 	7970"
"TI (Data Feeds/CyberTrace/TI)	Потоки данных об угрозах – Transforms for Maltego XM/Classic 	7971"
"TI (Data Feeds/CyberTrace/TI)	Kaspersky Botnet Tracking	7972"
"TI (Data Feeds/CyberTrace/TI)	Потоки данных об угрозах - URL & Hash & Mobile Threat feeds 	7975"
"TI (Data Feeds/CyberTrace/TI)	Kaspersky CyberTrace: Community Edition	8611"
"TI (Data Feeds/CyberTrace/TI)	Kaspersky CyberTrace: Matching Engine	8612"
"TI (Data Feeds/CyberTrace/TI)	Kaspersky CyberTrace: TIP Enterprise 5M IOC	8613"
"TI (Data Feeds/CyberTrace/TI)	Kaspersky CyberTrace: TIP Enterprise	8614"
"TI (Data Feeds/CyberTrace/TI)	Kaspersky CyberTrace: Matching Engine MSSP Edition	8617"
"SASE (SDWAN/NGFW)	Kaspersky NGFW Пилотная версия 	4076"
"SASE (SDWAN/NGFW)	Kaspersky NGFW KX-3500 Стандартный 	4110"
"SASE (SDWAN/NGFW)	Kaspersky NGFW KX-3500 Расширенный 	4112"
"SASE (SDWAN/NGFW)	Kaspersky NGFW vKX-8 Стандартный 	4115"
"SASE (SDWAN/NGFW)	Kaspersky NGFW vKX-8 Расширенный 	4116"
"SASE (SDWAN/NGFW)	Kaspersky NGFW KX-1000 Стандартный 	4124"
"SASE (SDWAN/NGFW)	Kaspersky NGFW KX-1000 Расширенный 	4125"
"SASE (SDWAN/NGFW)	Kaspersky NGFW KX-400 Стандартный 	4126"
"SASE (SDWAN/NGFW)	Kaspersky NGFW KX-400 Расширенный 	4137"
"SASE (SDWAN/NGFW)	Kaspersky NGFW KX-100 Стандартный 	4138"
"SASE (SDWAN/NGFW)	Kaspersky NGFW KX-100 Расширенный 	4139"
"SASE (SDWAN/NGFW)	Kaspersky NGFW Log Analyzer 	4140"
"SASE (SDWAN/NGFW)	Kaspersky SD-WAN Standard для CPE 30 Mbps 	4233"
"SASE (SDWAN/NGFW)	Kaspersky SD-WAN Standard для CPE 50 Mbps 	4234"
"SASE (SDWAN/NGFW)	Kaspersky SD-WAN Standard для CPE 100 Mbps 	4235"
"SASE (SDWAN/NGFW)	Kaspersky SD-WAN Standard для CPE 300 Mbps 	4236"
"SASE (SDWAN/NGFW)	Kaspersky SD-WAN Standard для CPE 500 Mbps 	4237"
"SASE (SDWAN/NGFW)	Kaspersky SD-WAN Standard для CPE 1 Gbps 	4238"
"SASE (SDWAN/NGFW)	Kaspersky SD-WAN Standard для CPE 10 Gbps 	4239"
"SASE (SDWAN/NGFW)	Kaspersky SD-WAN Advanced для CPE 30 Mbps 	4240"
"SASE (SDWAN/NGFW)	Kaspersky SD-WAN Advanced для CPE 50 Mbps 	4241"
"SASE (SDWAN/NGFW)	Kaspersky SD-WAN Advanced для CPE 100 Mbps 	4242"
"SASE (SDWAN/NGFW)	Kaspersky SD-WAN Advanced для CPE 300 Mbps 	4243"
"SASE (SDWAN/NGFW)	Kaspersky SD-WAN Advanced для CPE 500 Mbps 	4244"
"SASE (SDWAN/NGFW)	Kaspersky SD-WAN Advanced для CPE 1 Gbps 	4245"
"SASE (SDWAN/NGFW)	Kaspersky SD-WAN Advanced для CPE 10 Gbps 	4246"
"SASE (SDWAN/NGFW)	Kaspersky SD-WAN GOST Standard для CPE 30 Mbps	4420"
"SASE (SDWAN/NGFW)	Kaspersky SD-WAN GOST Standard для CPE 50 Mbps	4421"
"SASE (SDWAN/NGFW)	Kaspersky SD-WAN GOST Standard для CPE 100 Mbps	4422"
"SASE (SDWAN/NGFW)	Kaspersky SD-WAN GOST Standard для CPE 300 Mbps	4423"
"SASE (SDWAN/NGFW)	Kaspersky SD-WAN GOST Standard для CPE 500 Mbps	4424"
"SASE (SDWAN/NGFW)	Kaspersky SD-WAN GOST Standard для CPE 1 Gbps	4425"
"SASE (SDWAN/NGFW)	Kaspersky SD-WAN GOST Standard для CPE 10 Gbps	4426"
"SASE (SDWAN/NGFW)	Kaspersky SD-WAN GOST Advanced для CPE 30 Mbps	4427"
"SASE (SDWAN/NGFW)	Kaspersky SD-WAN GOST Advanced для CPE 50 Mbps	4428"
"SASE (SDWAN/NGFW)	Kaspersky SD-WAN GOST Advanced для CPE 100 Mbps	4429"
"SASE (SDWAN/NGFW)	Kaspersky SD-WAN GOST Advanced для CPE 300 Mbps	4430"
"SASE (SDWAN/NGFW)	Kaspersky SD-WAN GOST Advanced для CPE 500 Mbps	4431"
"SASE (SDWAN/NGFW)	Kaspersky SD-WAN GOST Advanced для CPE 1 Gbps	4432"
"SASE (SDWAN/NGFW)	Kaspersky SD-WAN GOST Advanced для CPE 10 Gbps	4433"
